Product category,Product/Service,Memo/Description,COSTO FALCON,costo jesus,,,,,
Antifreeze,   00-CR50,Antifreeze Coolant Red 50/50 (Bulk),"2,4",3,,,,,
Antifreeze,   00-CG50,Antifreeze Coolant Green 50/50 (Bulk),"2,4",3,,,,,
Antifreeze,   00-CGD50,Antifreeze Coolant Gold 50/50 (Bulk),"2,4",3,,,,,
Antifreeze,   00-CCR,Antifreeze Coolant Red Concentrated (Bulk),4,5,,,,,
Antifreeze,   00-CCC,Coolant Concentrate Clear (Bulk),4,5,,,,,
Antifreeze,   00-CCG,Coolant Concentrate Green (Bulk),4,5,,,,,
Antifreeze,   02-CR50,Antifreeze Coolant Red 50/50 (55 gal Drum),164,205,,,,,
Antifreeze,   02-CG50,Antifreeze Coolant Green 50/50 (55 gal Drum),164,205,,,,,
Antifreeze,   02-CB50,Antifreeze Coolant Blue 50/50 (55 gal Drum),164,205,,,,,
Antifreeze,   02-COR50,Antifreeze Coolant Orange 50/50 (55 gal Drum),164,205,,,,,
Antifreeze,   02-CGD50,Antifreeze Coolant Gold 50/50 (55 gal Drum),164,205,,,,,
Antifreeze,   02-CU50,Antifreeze Coolant Gold Universal  50/50 (55 gal Drum),164,205,,,,,
Antifreeze,   02-CCUN ,Antifreeze Coolant Gold Universal Concentrado  (55 gal Drum),247,"308,75",,,,,
Antifreeze,   01-CCGD,Antifreeze Coolant Concentrated Gold (5 gal),30,,,,,,
Antifreeze,   02-CCGD,Antifreeze Coolant Concentrated Gold (55 gal),247,"308,75",,,,,
Antifreeze,   02-CCR,Antifreeze Coolant Concentrated Red (55 gal),247,"308,75",,,,,
Antifreeze,   02-CCOR,Antifreeze Coolant Concentrated Orange (55 gal),247,"308,75",,,,,
Antifreeze,   02-CCG,Antifreeze Coolant Concentrated Green (55 gal),247,"308,75",,,,,
Antifreeze,   02-CCB,Antifreeze Coolant Concentrated Blue  (55 gal),247,"308,75",,,,,
Antifreeze,   06-PWCR50,Powergard Red 50/50 Antifreeze Coolant (Case 6x1Gal),24,32,,,,,
Antifreeze,   06-PWCG50,Powergard Green 50/50 Antifreeze Coolant (Case 6x1Gal),24,32,,,,,
Antifreeze,   06-PWCGOLD50,Powergard Gold 50/50 Antifreeze Coolant (Case 6x1Gal),"39,36","52,48",,,,,
Antifreeze,   06-COR50,Antifreeze Coolant Orange 50/50 Antifreezee Coolant  (Case 6x1Gal),29,"38,66666667",,,,,
Antifreeze,   06-PWCCR,Powerguard Red Concentrated Coolant (Case 6x1Gal),33,44,,,,,
Antifreeze,   06-PWCCG,Powerguard Green Concentrated Coolant (Case 6x1Gal),33,44,,,,,
Antifreeze,   06-PWCCGOLD,Powerguard Gold Concentrated Coolant (Case 6x1Gal),0,0,,,,,
CLEANERS,   01-HDD,Heavy Duty Degreaser (5 gal Pail),"35,32","44,15",,,,,
CLEANERS,   01-SS,Standard Shampoo (5 gal Pail),"28,96","36,2",,,,,
CLEANERS,   01-SPW-01,Solvent 142 (5 gal Pail),"30,2","37,75",,,,,
CLEANERS,   01-ALBR - 01,Aluminum Brightener Concentrated (5 gal Pail),"41,24","51,55",,,,,
CLEANERS,   01-BDS,Blue Dressing (5 gal Pail),"69,6",87,,,,,
CLEANERS,   01-MS,Mineral Spirit (5gal Pail),41,"51,25",,,,,
CLEANERS,   02-ALBR,Aluminum Brightener (55 gal Drum),"384,48","480,6",,,,,
CLEANERS,   02-HDD,Heavy Duty Degreaser (55 gal Drum),"286,28","357,85",,,,,
CLEANERS,   02-SPW-01,Solvent 142 (55 gal),300,375,,,,,
CLEANERS,   02-BCNC,Brake Cleaner Non Chlorinated (55 gal Drum),330,"412,5",,,,,
CLEANERS,   02-DEF,Diesel Exhaust Fluid (55 gal Drum),"228,58","285,725",,,,,
CLEANERS,   02-SS,Standard Shampoo (55 gal Drum),"219,83","274,7875",,,,,
CLEANERS,   02-MS,Mineral Spirit (55 gal),370,"462,5",,,,,
CLEANERS,   04-JNBCNC,Johnsen's  Brake Cleaner Non Chlorinated (Case 12x14oz),"23,88","29,85",,,,,
CLEANERS,   04-JNSF,Johnsen's  Starting Fluid 50% (Case 12x10.7oz),"25,88","32,35",,,,,
CLEANERS,   04-JNCC - 02,Johnsen's  Carb cleaner (Case 12x16.25oz),"30,68","38,35",,,,,
CLEANERS,   03-HDD,Heavy Duty Degreaser (30 gal Drum),"170,1","212,625",,,,,
Filter - units,   01-POF111,POF 111 (UNIT),"1,32","1,65",,,,,
Filter - units,   01-POF195,POF 195 (UNIT),"1,35","1,6875",,,,,
Filter - units,   01-POF4006,POF 4006 (UNIT),"1,33","1,6625",,,,,
Filter - units,   01-POF4459,POF 4459 (UNIT),"1,37","1,7125",,,,,
Filter - units,   01-POF4476,POF 4476 (UNIT),"1,33","1,6625",,,,,
Filter - units,   01-POF5288,POF 5288 (UNIT),"1,41","1,7625",,,,,
Filter - units,   01-POF5608,POF 5608 (UNIT),"2,31","2,8875",,,,,
Filter - units,   01-POF5702,POF 5702 (UNIT),"3,18","3,975",,,,,
Filter - units,   01-POF6127,POF 6127 (UNIT),"2,63","3,2875",,,,,
Filter - units,   01-POF6296,POF 6296 (UNIT),"2,98","3,725",,,,,
Filter - units,   01-POF6311,POF 6311 (UNIT),"2,47","3,0875",,,,,
Filter - units,   01-POF6128,POF 6128 (UNIT),"2,63","3,2875",,,,,
Filter - units,   01-POF5335,POF 5335 (UNIT),"3,19","3,9875",,,,,
Filter - units,   01-POF5839,POF 5839 (UNIT),"2,26","2,825",,,,,
Filter - units,   01-POF241,POF 241 (UNIT),"1,33","1,6625",,,,,
Filter - units,   01-POF 5609,POF 5609 (UNIT),"3,23","4,0375",,,,,
Filter - units,   01-POF 2222,POF 2222 (UNIT),"1,33","1,6625",,,,,
Filter - units,   01-POF 1A,POF 1A  (UNIT),"1,71","2,1375",,,,,
Filter - units,   01-POF - 2500,POF 2500 (UNIT),"1,33","1,6625",,,,,
Filter - units,   01-POF - 252,POF 252 (UNIT),"1,99","2,4875",,,,,
Filter - units,   01-POF - 4612,POF 4612 (UNIT),"1,33","1,6625",,,,,
Filter - units,   01-POF - 4631,POF 4631 (UNIT),"2,1","2,625",,,,,
Filter - units,   01-POF - 4670,POF 4670 (UNIT),"1,45","1,8125",,,,,
Filter - units,   01-POF5250,POF 5250 (UNIT),"2,1","2,625",,,,,
Filter - units,   01-POF5247,POF 5247 (UNIT),"4,02","5,025",,,,,
Filter - units,   01-POF5274,POF 5274 (UNIT),"2,15","2,6875",,,,,
Filter - units,   01-POF5313,POF 5313 (UNIT),"1,58","1,975",,,,,
Filter - units,   01-POF 5317,POF 5317 (UNIT),"2,44","3,05",,,,,
Filter - units,   01-POF5401,POF 5401 (UNIT),"2,97","3,7125",,,,,
Filter - units,   01-POF - 257,POF 257 (UNIT),"1,9","2,375",,,,,
Filter - units,   01-POF4011,POF 4011 (UNIT),"1,42","1,775",,,,,
Filter - units,   01-POF6291,POF 6291 (UNIT),"2,18","2,725",,,,,
Filter - units,   01-POF4484,POF 4484 (UNIT),"1,95","2,4375",,,,,
Filter - units,   01-POF4610,POF 4610 (UNIT),"1,35","1,6875",,,,,
Filter - units,   01-POF4615,POF 4615 (UNIT),"1,41","1,7625",,,,,
Filter - units,   01-POF4651,POF 4651 (UNIT),"1,35","1,6875",,,,,
Filter - units,   01-POF4757,POF 4757 (UNIT),"2,45","3,0625",,,,,
Filter - units,   01-POF4798,POF 4798 (UNIT),"3,98","4,975",,,,,
Filter - units,   01-POF5276,POF 5276 (UNIT),"1,91","2,3875",,,,,
Filter - units,   01-POF5277,POF 5277 (UNIT),"3,41","4,2625",,,,,
Filter - units,   01-POF5280,POF 5280 (UNIT),"2,99","3,7375",,,,,
Filter - units,   01-POF5308,POF 5308 (UNIT),"3,13","3,9125",,,,,
Filter - units,   01-POF5309,POF 5309 (UNIT),"2,1","2,625",,,,,
Filter - units,   01-POF5436,POF 5436 (UNIT),"1,6",2,,,,,
Filter - units,   01-POF5465,POF 5465 (UNIT),"3,63","4,5375",,,,,
Filter - units,   01-POF5526,POF 5526 (UNIT),"4,59","5,7375",,,,,
Filter - units,   01-POF5545,POF 5545 (UNIT),"2,45","3,0625",,,,,
Filter - units,   01-POF5607,POF 5607 (UNIT),"2,87","3,5875",,,,,
Filter - units,   01-POF5610,POF 5610 (UNIT),"2,46","3,075",,,,,
Filter - units,   01-POF 5646,POF 5646 (UNIT),"2,45","3,0625",,,,,
Filter - units,   01-POF 5692,POF 5692 (UNIT),"2,95","3,6875",,,,,
Filter - units,   01-POF 5830,POF 5830 (UNIT),"2,15","2,6875",,,,,
Filter - units,   01-POF 5843,POF 5843 (UNIT),"3,95","4,9375",,,,,
Filter - units,   01-POF 5906,POF 5906 (UNIT),"3,25","4,0625",,,,,
Filter - units,   01-POF6135,POF 6135 (UNIT),"2,55","3,1875",,,,,
Filter - units,   01-POF6160,POF 6160 (UNIT),"1,87","2,3375",,,,,
Filter - units,   01-POF6162,POF 6162 (UNIT),"1,57","1,9625",,,,,
Filter - units,   01-POF6289,POF 6289 (UNIT),"6,12","7,65",,,,,
Filter - units,   01-POF7819,POF 7819 (UNIT),"5,25","6,5625",,,,,
Filter - units,   01-POF8113,POF 8113 (UNIT),"2,85","3,5625",,,,,
Filter - units,   01-POF 8812,POF 8812 (UNIT),"2,25","2,8125",,,,,
Filter - units,   01-POF - 4457,POF 4457 (UNIT),"1,32","1,65",,,,,
Filter - units,   01-POF - 5505,POF 5505 (unit),"2,95","3,6875",,,,,
Filter - units,   01-POF8161,POF 8161 (unit),"4,63","5,7875",,,,,
Filter - units,   01-POF1403,POF 1403 (units),"2,85","3,5625",,,,,
Filter - units,   01-POF1424,POF 1424 (units),"3,19","3,9875",,,,,
Filter - units,   01-POF1437,POF 1437 (units),"3,96","4,95",,,,,
Filter - units,   01-POF4461,POF 4461 (units),"1,9","2,375",,,,,
Filter - units,   01-POF5848,POF 5848 (units),"2,46","3,075",,,,,
Filter - units,   01-POF8154,POF-8154 (units),"2,83","3,5375",,,,,
Filters,   R85394MP,"Carquest 2007 Toyota Corolla, 1.8L  L4 Oil Filter","2,18","2,725",,,,,
Filters,   R84356MP,"Carquest 2010 Honda Accord, 2.4L  L4  Oil Filter","2,18","2,725",,,,,
Filters,   R85358MP,"Carquest 2008 Nissan Maxima, 3.5L V6  Oil Filter","2,18","2,725",,,,,
Filters,   R84060MP,"Carquest 2008 Chevrolet Silverado 1500, 5.3 L V8 Oil Filter","2,18","2,725",,,,,
Filters,   R85372MP,"Carquest 2006 Ford F-150, 5.4L V8 Oil Filter","2,18","2,725",,,,,
Filters,   R84502MP,"Carquest 2006 Ford F-150, 5.4 L V8 Oil Filter","2,18","2,725",,,,,
Filters,   51334,Napa Gold 1334 Oil Filter,"3,5","4,375",,,,,
Filters,   51356,Napa Gold 1356 Oil Filter,"3,99","4,9875",,,,,
Filters,   51215,Napa Gold 51215,"3,31","4,1375",,,,,
Filters,   51372,Napa Gold 1372 Oil Filter,"3,74","4,675",,,,,
Filters,   51068,Napa Gold 1068 Oil Filter,"4,63","5,7875",,,,,
Filters,   51792,Napa Gold 1792 Oil Filter,"9,5","11,875",,,,,
Filters,   57744XD,Napa Gold 7744XD Oil Filter,"33,9","42,375",,,,,
Filters,   LFF8059,FUEL FLTR/WTR SEAPARATOR,"11,02","13,775",,,,,
Filters,   LFP-219F,FUEL FILTER,"6,29","7,8625",,,,,
Filters,   LFP8642,FILTER,"14,07","17,5875",,,,,
Filters,   LFP3191,LUBERFINER OIL/HYD FILTER,"6,2","7,75",,,,,
Filters,   LFF1000,LUBERFINER OIL/HYD FILTER,10,"12,5",,,,,
Filters,   L5104F,FUEL FILTER,"58,07","72,5875",,,,,
Filters,   L7694F,FILTER,22,"27,5",,,,,
Filters,   LFP-431F,FUEL FILTERS,8,10,,,,,
Filters,   LAF6116,P61056,91,"113,75",,,,,
Full Synthetic Motor Oils,   01-FSMO-01,"SAE 0W-20 Full Synthetic Motor Oil, API SN Plus, ILSAC GF-5 (5 gal Pail)","31,5",42,,,,,
Full Synthetic Motor Oils,   01-FSMO-02,"SAE 5W-20 Full Synthetic Motor Oil, API SN Plus, ILSAC GF-5 (5 gal Pail)","31,5",42,,,,,
Full Synthetic Motor Oils,   01-FSMO-03,"SAE 5W-30 Full Synthetic Motor Oil, API SN Plus, ILSAC GF-5 (5 gal Pail)","31,5",42,,,,,
Full Synthetic Motor Oils,   01-FSMO-04,"SAE 10W-30 Full Synthetic Motor Oil, API SN Plus ILSAC GF-5 (5 gal Pail)","31,5",42,,,,,
Full Synthetic Motor Oils,   02-FSMO-01,"SAE 0W-20 Full Synthetic Motor Oil, API SN Plus, ILSAC GF-5 (55 gal Drum)","295,5","369,375",,,,,
Full Synthetic Motor Oils,   02-FSMO-04,"SAE 10W-30 Full Synthetic Motor Oil, API SN Plus ILSAC GF-5 (55 gal Drum)","295,5","369,375",,,,,
Full Synthetic Motor Oils,   02-FSMO-02,"SAE 5W-20 Full Synthetic Motor Oil, API SN Plus ILSAC GF-5 (55 gal Drum)","295,5","369,375",,,,,
Full Synthetic Motor Oils,   02-FSMO-03,"SAE 5W-30 Full Synthetic Motor Oil, API SN Plus ILSAC GF-5 (55 gal Drum)","295,5","369,375",,,,,
Full Synthetic Motor Oils,   00-fsmo-01,"SAE 0W-20 Full Synthetic Motor Oil, API SN Plus, ILSAC GF-5 (Bulk)","4,5","5,625",,,,,
Full Synthetic Motor Oils,   00-fsmo-02,"SAE 5W-20 Full Synthetic Motor Oil, API SN Plus, ILSAC GF-5 (Bulk)","4,5","5,625",,,,,
Full Synthetic Motor Oils,   00-fsmo-03,"SAE 5W-30 Full Synthetic Motor Oil, API SN Plus, ILSAC GF-5 (Bulk)","4,5","5,625",,,,,
Full Synthetic Motor Oils,   00-fsmo-04,"SAE 10W-30 Full Synthetic Motor Oil, API SN Plus, ILSAC GF-5 (Bulk)","4,5","5,625",,,,,
Full Synthetic Motor Oils,   00-fsmo-05,"SAE 10W-40 Full Synthetic Motor Oil, API SN Plus, ILSAC GF-5 (Bulk)","5,6",7,,,,,
Full Synthetic Motor Oils,   05-FSMO-01,"SAE 0W-20 Full Synthetic Motor Oil, API SN Plus, ILSAC GF-5 (3 x 5qt)",25,"33,33333333",,,,,
Full Synthetic Motor Oils,   05-FSMO-02,"SAE 5W-20 Full Synthetic Motor Oil, API SN Plus, ILSAC GF-5 (3 x 5qt)",25,"33,33333333",,,,,
Full Synthetic Motor Oils,   05-FSMO-03,"SAE 5W-30 Full Synthetic Motor Oil, API SN Plus, ILSAC GF-5 (3 x 5qt)",25,"33,33333333",,,,,
Full Synthetic Motor Oils,   05-FSMO-04,"SAE 10W-30 Full Synthetic Motor Oil, API SN Plus, ILSAC GF-5 (3 x 5qt)",25,"33,33333333",,,,,
Gear Oils,   01-GO-01,"SAE 80W-90 Gear Oil, API GL-5 (5 gal Pail)","33,6","44,8",,,,,
Gear Oils,   01-GO-02,"SAE 85W-140 Gear Oil, API GL-5 (5 gal Pail)","39,35","52,46666667",,,,,
Gear Oils,   01-GO-03,"SAE 75W-90 Synthetic Gear Oil, API GL-5 (5 gal Pail)","33,6","44,8",,,,,
Gear Oils,   01-GO-04,"SAE 80W-140 Synthetic Gear Oil, API GL-5 (5 gal Pail)","39,35","52,46666667",,,,,
Gear Oils,   01-GO-05,"SAE 75W-140 Synthetic Gear Oil, API GL-5 (5 gal Pail)","39,35","52,46666667",,,,,
Gear Oils,   02-GO-04,"SAE 80W-140 Synthetic Gear Oil, API GL-5 (55 gal Drum)",381,"476,25",,,,,
Gear Oils,   02-GO-01,"SAE 80W-90 Gear Oil, API GL-5 (55 gal)","318,7","398,375",,,,,
Gear Oils,   02-GO-03,"SAE 75W-90 Synthetic Gear Oil, API GL-5 (55 gal)","318,7","398,375",,,,,
Gear Oils,   02-GO-02,"SAE 85W-140 Gear Oil, API GL-5 (55 gal)",381,"476,25",,,,,
Heavy Duty Motor Oils,   00-HDMO-01,"SAE 10W-30 Synthetic Blend HDMO, API CK4/SN (Bulk)","4,5","5,625",,,,,
Heavy Duty Motor Oils,   00-HDMO-03,SAE 20W-50 Synthetic Blend HDMO API CJ-4/SN (Bulk),"5,12","6,4",,,,,
Heavy Duty Motor Oils,   00-HDMO-04,SAE 15W-50 Synthetic Blend HDMO API CJ-4/SN (Bulk),"5,12","6,4",,,,,
Heavy Duty Motor Oils,   00-HDMO-05,SAE 15W-40 Synthetic Blend HDMO (Bulk),"4,77","5,9625",,,,,
Heavy Duty Motor Oils,   01-HDMO-03,"SAE 20W-50 Synthetic Blend HDMO, API CJ-4/SN (5 gal Pail)","34,6","46,13333333",,,,,
Heavy Duty Motor Oils,   01-HDMO-04,"SAE 15W-50 Synthetic Blend HDMO, API CJ-4/SN (5 gal Pail)","34,6","46,13333333",,,,,
Heavy Duty Motor Oils,   01-HDMO-05,"SAE 15W-40 Synthetic Blend HDMO, API CI-4/SL (5 gal Pail)","32,85","43,8",,,,,
Heavy Duty Motor Oils,   02-HDMO-01,"SAE 10W-30 Synthetic Blend HDMO, API CK4/SN (55 gal Drum)","295,5","369,375",,,,,
Heavy Duty Motor Oils,   02-HDMO-03,"SAE 20W-50 Synthetic Blend HDMO, API CJ-4/SN (55 gal Drum)","329,6",412,,,,,
Heavy Duty Motor Oils,   02-HDMO-04,"SAE 15W-50 Synthetic Blend HDMO, API CJ-4/SN (55 gal Drum)","329,6",412,,,,,
Heavy Duty Motor Oils,   02-HDMO-05,"SAE 15W-40 Synthetic Blend HDMO, API Ck4 - 4/SL  Plus (55 Gal Drum)","310,5","388,125",,,,,
Heavy Duty Motor Oils,   04-HDMO-02,"SAE 15W-40 Synthetic Blend HDMO, API CK-4/SN (4 x 1 gal)","27,08","36,10666667",,,,,
Heavy Duty Motor Oils,   04-HDMO-04,"SAE 15W-50 Synthetic Blend HDMO, API CJ-4/SN (4 x 1 gal)","28,83","38,44",,,,,
Heavy Duty Motor Oils,   01-SHHD-02,Shell Rotella T4 15W40 (5 gal Pail),59,"62,10526316",,,,,
Heavy Duty Motor Oils,   01-CHHD-02,Chevron Delo 15W40 (5 gal Pail),60,"63,15789474",,,,,
Heavy Duty Motor Oils,   01-MBHD-02,Mobil Delvac SAE 15W-40 Synthetic Blend HDMO (5 gal Pail),60,"63,15789474",,,,,
Heavy Duty Motor Oils,   04-MBHD-02,Mobil Delvac SAE 15W-40 Synthetic Blend HDMO 1300 Super (4 x 1 gal),54,"56,84210526",,,,,
Heavy Duty Motor Oils,   04-CHHD-02,"Chevron Delo 400 SAE 15W-40 HDMO, API CK-4/SN (3 x 1 gal)",38,40,,,,,
Heavy Duty Motor Oils,   04-MTHD-04,Mystik JT-8 15W-50 (Case 3x2gal),80,"84,21052632",,,,,
Heavy Duty Motor Oils,   05-SHHD-02,Shell Rotella T4 SAE 15W-40 Synthetic Blend HDMO (3x1 gal),38,40,,,,,
Heavy Duty Motor Oils,   05-SHHD-01,Shell Rotella T5 SAE 10W-30 Synthetic Blend HDMO (3x1 gal),"41,1","43,26315789",,,,,
Heavy Duty Motor Oils,   05-SHHD-03,Shell Rotella T5 SAE 15W-40 Synthetic Blend HDMO (3x1 gal),"40,5","42,63157895",,,,,
Heavy Duty Motor Oils,   05-SHHD-07,Shell Rotella T6 SAE 15W-40 Synthetic Blend HDMO (3x1 gal),"55,55","58,47368421",,,,,
Heavy Duty Motor Oils,   02-SHHD-02,Shell Rotella 15W40 T4 (55 gal drum),600,640,,,,,650
Hydraulic Oils,   00-HYO-01,ISO 32 AW Hydraulic Oil (Bulk),4,5,,,,,
Hydraulic Oils,   00-HYO-02,ISO 46 AW Hydraulic Oil (Bulk),4,5,,,,,
Hydraulic Oils,   00-HYO-03,ISO 68 AW Hydraulic Oil (Bulk),4,5,,,,,
Hydraulic Oils,   01-HYO-01,ISO 32 AW Hydraulic Oil (5 gal Pail),28,"37,33333333",,,,,
Hydraulic Oils,   01-HYO-02,ISO 46 AW Hydraulic Oil (5 gal Pail),28,"37,33333333",,,,,
Hydraulic Oils,   01-HYO-03,ISO 68 AW Hydraulic Oil (5 gal Pail),28,"37,33333333",,,,,
Hydraulic Oils,   02-HYO-01,ISO 32  AW Hydraulic Oil (55 gal Drum),268,335,,,,,
Hydraulic Oils,   02-HYO-02,ISO 46 AW Hydraulic Oil (55 gal Drum),268,335,,,,,
Hydraulic Oils,   02-HYO-03,ISO 68 AW Hydraulic Oil (55 gal Drum),268,335,,,,,
Miscellaneous,   14200,Red Grease Nro 2 (Can 120 lb),180,225,,,,,
Miscellaneous,   01-OD,Balcones Oil Dry (40lb bag),"8,85",,,,,,
Miscellaneous,   04-GADUS,Red Grease Gadus  (10x14 onz),20,25,,,,,
Miscellaneous,   01-CTRG,Clothe Rags (Pack),50,,,,,,
Miscellaneous,   01-14200,Red Grease Nro 2 (35 lb),49,,,,,,
Synthetic Blend Motor Oil,   00-SBMO-01,"SAE 5W-20 Synthetic Blend Motor Oil, API SN Plus, ILSAC GF-5 (Bulk)","4,5","5,625",,,,,
Synthetic Blend Motor Oil,   00-SBMO-02A,SAE 5W-30 Synthetic Blend Motor Oil; High Mileage (Bulk),"4,5",,,,,,
Synthetic Blend Motor Oil,   00-SBMO-02,"SAE 5W-30 Synthetic Blend Motor Oil, API SN Plus, ILSAC GF-5 (Bulk)","4,5","5,625",,,,,
Synthetic Blend Motor Oil,   00-SBMO-03A,"SAE 10W-30 High Mileage Synthetic Blend Motor Oil, API SN Plus (Bulk)","4,5",,,,,,
Synthetic Blend Motor Oil,   00-SBMO-03,"SAE 10W-30 Synthetic Blend Motor Oil, API SN Plus (Bulk)","4,5","5,625",,,,,
Synthetic Blend Motor Oil,   00-SBMO-04,"SAE 10W-40 Synthetic Blend Motor Oil, API SN Plus (Bulk)","4,67","5,8375",,,,,
Synthetic Blend Motor Oil,   01-SBMO-01,"SAE 5W-20 Synthetic Blend Motor Oil, API SN Plus, ILSAC GF-5 (5 gal Pail)","31,5",42,,,,,
Synthetic Blend Motor Oil,   01-SBMO-02,"SAE 5W-30 Synthetic Blend Motor Oil, API SN Plus, ILSAC GF-5 (5 gal Pail)","31,5",42,,,,,
Synthetic Blend Motor Oil,   01-SBMO-03,"SAE 10W-30 Synthetic Blend Motor Oil, API SN Plus (5 gal Pail)","31,5",42,,,,,
Synthetic Blend Motor Oil,   01-SBMO-04,"SAE 10W-40 Synthetic Blend Motor Oil, API SN Plus (5 gal Pail)","32,5",42,,,,,
Synthetic Blend Motor Oil,   01-SBMO-06,"SAE 20W-50 Synthetic Blend Motor Oil, API SN Plus (5 gal Pail)","34,6","46,13333333",,,,,
Synthetic Blend Motor Oil,   02-SBMO-01,"SAE 5W-20 Synthetic Blend Motor Oil, API SN Plus, ILSAC GF-5 (55 gal)","295,5","369,375",,,,,
Synthetic Blend Motor Oil,   02-SBMO-02,"SAE 5W-30 Synthetic Blend Motor Oil, API SN Plus, ILSAC GF-5 (55 gal Drum)","295,5","369,375",,,,,
Synthetic Blend Motor Oil,   02-SBMO-03,"SAE 10W-30 Synthetic Blend Motor Oil, API SN Plus (55 gal Drum)","295,5","369,375",,,,,
Synthetic Blend Motor Oil,   02-SBMO-04,"SAE 10W-40 Synthetic Blend Motor Oil, API SN Plus (55 gal Drum)","304,85","381,0625",,,,,
Synthetic Blend Motor Oil,   02-SBMO-06,"SAE 20W-50 Synthetic Blend Motor Oil, API SN Plus (55 gal Drum)","329,6",412,,,,,
Synthetic Blend Motor Oil,   07-SBMO-06,SAE 20W50 Synthetic Blend Motor Oil (Case 12x1qt),"24,57","32,76",,,,,
Synthetic Blend Motor Oil,   05-SBMO-01,"SAE 5W-20 Synthetic Blend Motor Oil, API SN Plus, ILSAC GF-5 (3 x 5qt)",25,"33,33333333",,,,,
Synthetic Blend Motor Oil,   05-SBMO-02,"SAE 5W-30 Synthetic Blend Motor Oil, API SN Plus, ILSAC GF-5 (3 x 5qt)",25,"33,33333333",,,,,
Synthetic Blend Motor Oil,   05-SBMO-03,"SAE 10W-30 Synthetic Blend Motor Oil, API SN Plus, ILSAC GF-5 (3 x 5qt)",25,"33,33333333",,,,,
Synthetic Blend Motor Oil,   05-SBMO-04,"SAE 10W-40 Synthetic Blend Motor Oil, API SN Plus, ILSAC GF-5 (3 x 5qt)","25,75","34,33333333",,,,,
Tire Supply,   TR413,TR413 Valves (Case x100),15,,,,,,
Tire Supply,   #2Rema,#2 Rema Patches  (Bag x144),65,,,,,,
Tire Supply,   #3Rema,#3 Rema Patches (Bagx100),65,,,,,,
Tire Supply,   #4Rema,#4 Rema Patches (Bagx49),55,,,,,,
Tire Supply,   TS1932,TS-1932 Plugs Orange (Box x 10),"7,22",,,,,,
Tire Supply,   TS1935,TS-1935 Plugs Black (Box x 10),"7,22",,,,,,
Tire Supply,   11002B,11-002B Patches small (Case x100),12,,,,,,
Tire Supply,   11003B,11-003B Patches Medium (Case x 100),15,,,,,,
Tire Supply,   SV8,SV-8 Cement,5,,,,,,
Tire Supply,   14008,14-008 Xtra Seal Vulcanizing Cement 8oz,"6,5",,,,,,
Tire Supply,   14100,14-100 Cleaner,"10,83","12,996",,,,,
Tire Supply,   14032,14-032 Xtra Seal Vulcanizing cement 32oz,20,,,,,,
Tire Supply,   BS32,BS32 Sealant,13,,,,,,
Tire Supply,   TGRO,TGRO Handle Plastic,7,,,,,,
Tire Supply,   TGOO,TGOO Handle Plastic,7,,,,,,
Tire Supply,   TGRO-T,TGRO-T Handle Metal,10,,,,,,
Tire Supply,   TGO-T,TGO-T Handle Metal,10,,,,,,
Tire Supply,   12025F,12 025F 1/4 Weights,"18,5",,,,,,
Tire Supply,   14101A,14-101A Xtra Seal Bead Sealer 32oz,"13,33",,,,,,
Tire Supply,   TS-57177,Carretilla Tire Patch roller wooden handle,8,,,,,,
Tire Supply,   BS-1,Boofing Stone,15,,,,,,
Tire Supply,   BTP5,"Black Tire Paint, concentrate (5 gal)",100,,,,,,
Tire Supply,   TS28500,Tire sale labels (500 labels roll),37,,,,,,
Tire Supply,   BS-5,Buffing stone (60 grit),10,,,,,,
Tire Supply,   VR110H,Radial Tire Repair unit (bagx20),15,,,,,,
Tire Supply,   VR120,Radial Tyre Repair unit (bagx10),18,,,,,,
Tire Supply,   TS-14554-1,Marcadores unit,"1,5",,,,,,
Tire Supply,   TR545D,Valvula para camiones (Case x100),250,"312,5",,,,,
Transmission Fluids,   00-TF-01,ATF Dexron III/Mercon (Bulk),"4,8",6,,,,,
Transmission Fluids,   00-TF-02,ATF Synthetic Multi-Vehicle Dexron VI (Bulk),"4,8",6,,,,,
Transmission Fluids,   00-TF-03,ATF Synthetic Multi-Vehicle Universal (Bulk),"4,8",6,,,,,
Transmission Fluids,   01-TF-01,ATF Dexron III/Mercon (5 gal Pail),33,44,,,,,
Transmission Fluids,   01-TF-02,ATF Synthetic Multi-Vehicle Dexron VI (5 gal Pail),33,44,,,,,
Transmission Fluids,   01-TF-03,ATF Full Synthetic Universal (5 gal Pail),33,44,,,,,
Transmission Fluids,   01-TF-04,SAE 50 Full Synthetic Manual Transmission (5 gal Pail),"34,6","46,13333333",,,,,
Transmission Fluids,   02-TF-01,ATF Dexron III/Mercon (55 gal Drum),312,390,,,,,
Transmission Fluids,   02-TF-02,ATF Synthetic Multi-Vehicle Dexron VI (55 gal Drum),312,390,,,,,
Transmission Fluids,   02-TF-03,ATF Full Synthetic Universal (55 gal),312,390,,,,,
Transmission Fluids,   02-TF-04,SAE 50 Full Synthetic Manual Transmission (55 gal),"329,6",412,,,,,
Transmission Fluids,   04-TF-01,ATF Dexron III (12 x 1qt),"23,61","31,48",,,,,
Transmission Fluids,   04-TF-02,ATF Dexron VI (12 x 1qt),"23,61","31,48",,,,,
ACCOUNTANT,   CFGD,Convenience Fee Gold,0,0,,,,,
Transmission Fluids,   04-TF-06,CVT Fluid (12 x 1qt),46,"  61,33 ",,,,,
Heavy Duty Motor Oils,   02-HDMO-02,SAE 10W-40 Synthetic Blend HDMO; API CK-4/SN (55 gal),"304,85",,,,,,
Miscellaneous,   ST-01,Pump for Drums,"23,8",,,,,,
Transmission Fluids,   04-TF-05,Power Steering Fluid (12 x 1qt),"29,5",,,,,,
Heavy Duty Motor Oils,   02-FSHD-01,"SAE 10W-30 Full Synthetic HDMO, API CK-4/SN Plus (55 Gal Drum)","308,5",,,,,,
Miscellaneous,"   PRIME WIPER 18""","PRIME WIPER 18"" CAJA 10 UNIT",19,,,,,,
Miscellaneous,"   PRIME WIPER 24""","PRIME WIPER 24"" CAJA 10 UNIT",19,,,,,,
Heavy Duty Motor Oils,   02-FSHD-05,"SAE 15W-40 Full Synthetic HDMO, API CK-4/SN Plus (55 Gal Drum)","310,5",,,,,,
Full Synthetic Motor Oils,   07-MB1FS-03,MOBIL 1 Full Synthetic 5W30 (Case 6x1 qt),"43,48",,,,,,
Heavy Duty Motor Oils,   00-FSHD-05,SAE 15W-40 Full Synthetic HDMO (Bulk),6,,,,,,
Cleaners,   WD40-02,WD-40 (12X16Oz),"100,92",,,,,,
Antifreeze,   01-CCOR,Antifreeze Coolant Concentrated Orange (5 gal),30,,,,,,
Antifreeze,   01-CGD50,Antifreeze Coolant Gold 50/50 (5 gal Pail),21,,,,,,
CLEANERS,   02-WW,Windshield Washer (55 gal Drum),120,,,,,,