Memo/Description,Product/Service full name,Product/Service,otra descripcion
Chevron Delo 15W40 (5 gal Pail),Heavy Duty Motor Oils:01-CHHD-02,01-CHHD-02,Chevron Delo 15W40 (5 gal cubeta paila )
Clothe Rags (Pack),Miscellaneous:01-CTRG,01-CTRG,Clothe Rags (Pack)
Mobil Delvac SAE 15W-40 Synthetic Blend HDMO (5 gal Pail),Heavy Duty Motor Oils:01-MBHD-02,01-MBHD-02,Mobil Delvac SAE 15W-40 SB HDMO (5 gal cubeta paila )
Antifreeze Coolant Concentrated Green (55 gal),Antifreeze:02-CCG,02-CCG,Antifreeze Coolant Concentrated Green (55 gal)
Antifreeze Coolant Concentrated Gold (55 gal),Antifreeze:02-CCGD,02-CCGD,Antifreeze Coolant Concentrated Gold (55 gal)
Antifreeze Coolant Concentrated Red (55 gal),Antifreeze:02-CCR,02-CCR,Antifreeze Coolant Concentrated Red (55 gal)
Powergard Gold 50/50 Antifreeze Coolant (Case 6x1Gal),Antifreeze:06-PWCGOLD50,06-PWCGOLD50,Powergard Gold 50/50 Antifreeze Coolant (caja 6x1Gal)
Powergard Red 50/50 Antifreeze Coolant (Case 6x1Gal),Antifreeze:06-PWCR50,06-PWCR50,Powergard Red 50/50 Antifreeze Coolant (caja 6x1Gal)
Heavy Duty Degreaser (5 gal cubeta paila ),CLEANERS:01-HDD,01-HDD,Heavy Duty Degreaser (5 gal cubeta paila )
POF 257 (UNIT),FILTRO - units:01-POF - 257,01-POF - 257,POF 257 (UNIT)
POF 8812 (UNIT),FILTRO - units:01-POF 8812,01-POF 8812,POF 8812 (UNIT)
POF 4798 (UNIT),FILTRO - units:01-POF4798,01-POF4798,POF 4798 (UNIT)
Napa Gold 1334 Oil Filter,Filters:51334,51334,Napa Gold 1334 Oil Filter
Napa Gold 1792 Oil Filter,Filters:51792,51792,Napa Gold 1792 Oil Filter
Convenience Fee Gold,ACCOUNTANT:CFGD,CFGD,Convenience Fee Gold
Antifreeze Coolant Concentrated Orange (55 gal),Antifreeze:02-CCOR,02-CCOR,Antifreeze Coolant Concentrated Orange (55 gal)
Powerguard Gold Concentrated Coolant (Case 6x1Gal),Antifreeze:06-PWCCGOLD,06-PWCCGOLD,Powerguard Gold Concentrated Coolant (caja 6x1Gal)
WD40 (Case1x12),WD40-03,WD40-03,WD40 (caja1*12)
POF 4670 (UNIT),FILTRO - units:01-POF - 4670,01-POF - 4670,POF 4670 (UNIT)
POF 5317 (UNIT),FILTRO - units:01-POF 5317,01-POF 5317,POF 5317 (UNIT)
POF 5692 (UNIT),FILTRO - units:01-POF 5692,01-POF 5692,POF 5692 (UNIT)
Antifreeze Coolant Red 50/50 (Bulk),Antifreeze:00-CR50,00-CR50,Antifreeze Coolant Red 50/50 (llenado GAL )
Antifreeze Coolant Blue 50/50 (55 gal Drum),Antifreeze:02-CB50,02-CB50,Antifreeze Coolant Blue 50/50 (55 gal Barril )
Solvent 142 (5 gal Pail),CLEANERS:01-SPW-01,01-SPW-01,Solvent 142 (5 gal cubeta paila )
Standard Shampoo (5 gal Pail),CLEANERS:01-SS,01-SS,Standard Shampoo (5 gal cubeta paila )
Johnsen's Brake Cleaner Non Chlorinated (Case 12x14oz),CLEANERS:04-JNBCNC,04-JNBCNC,Johnsen's Brake Cleaner Non Chlorinated (caja 12x14oz)
Johnsen's Carb cleaner (Case 12x10oz),CLEANERS:04-JNCC,04-JNCC,Johnsen's Carb cleaner (caja 12x10oz)
POF 2500 (UNIT),FILTRO - units:01-POF - 2500,01-POF - 2500,POF 2500 (UNIT)
POF 5609 (UNIT),FILTRO - units:01-POF 5609,01-POF 5609,POF 5609 (UNIT)
POF 1403 (units),FILTRO - units:01-POF1403,01-POF1403,POF 1403 (units)
Antifreeze Coolant Concentrated Blue (55 gal),Antifreeze:02-CCB,02-CCB,Antifreeze Coolant Concentrated Blue (55 gal)
POF 252 (UNIT),FILTRO - units:01-POF - 252,01-POF - 252,POF 252 (UNIT)
POF 4457 (UNIT),FILTRO - units:01-POF - 4457,01-POF - 4457,POF 4457 (UNIT)
POF 241 (UNIT),FILTRO - units:01-POF241,01-POF241,POF 241 (UNIT)
POF 4615 (UNIT),FILTRO - units:01-POF4615,01-POF4615,POF 4615 (UNIT)
Antifreeze Coolant Green 50/50 (55 gal Drum),Antifreeze:02-CG50,02-CG50,Antifreeze Coolant Green 50/50 (55 gal Barril )
Antifreeze Coolant Red 50/50 (55 gal Drum),Antifreeze:02-CR50,02-CR50,Antifreeze Coolant Red 50/50 (55 gal Barril )
Powerguard Green Concentrated Coolant (Case 6x1Gal),Antifreeze:06-PWCCG,06-PWCCG,Powerguard Green Concentrated Coolant (caja 6x1Gal)
Powerguard Red Concentrated Coolant (Case 6x1Gal),Antifreeze:06-PWCCR,06-PWCCR,Powerguard Red Concentrated Coolant (caja 6x1Gal)
Blue Dressing (5 gal Pail),CLEANERS:01-BDS,01-BDS,Blue Dressing (5 gal cubeta paila )
Standard Shampoo (55 gal Drum),CLEANERS:02-SS,02-SS,Standard Shampoo (55 gal Barril )
POF 4612 (UNIT),FILTRO - units:01-POF - 4612,01-POF - 4612,POF 4612 (UNIT)
POF 5280 (UNIT),FILTRO - units:01-POF5280,01-POF5280,POF 5280 (UNIT)
POF 6289 (UNIT),FILTRO - units:01-POF6289,01-POF6289,POF 6289 (UNIT)
POF 6291 (UNIT),FILTRO - units:01-POF6291,01-POF6291,POF 6291 (UNIT)
Antifreeze Coolant Gold 50/50 (55 gal Drum),Antifreeze:02-CGD50,02-CGD50,Antifreeze Coolant Gold 50/50 (55 gal Barril )
Antifreeze Coolant Orange 50/50 (55 gal Drum),Antifreeze:02-COR50,02-COR50,Antifreeze Coolant Orange 50/50 (55 gal Barril )
Aluminum Brightener (55 gal Drum),CLEANERS:02-ALBR,02-ALBR,Aluminum Brightener (55 gal Barril )
Refrigerant (12 x 12oz),Filters:R134A,R134A,Refrigerant (12 x 12oz)
POF 5646 (UNIT),FILTRO - units:01-POF 5646,01-POF 5646,POF 5646 (UNIT)
POF 1437 (units),FILTRO - units:01-POF1437,01-POF1437,POF 1437 (units)
POF 4011 (UNIT),FILTRO - units:01-POF4011,01-POF4011,POF 4011 (UNIT)
POF 4459 (UNIT),FILTRO - units:01-POF4459,01-POF4459,POF 4459 (UNIT)
POF 4461 (units),FILTRO - units:01-POF4461,01-POF4461,POF 4461 (units)
POF 4476 (UNIT),FILTRO - units:01-POF4476,01-POF4476,POF 4476 (UNIT)
Powergard Green 50/50 Antifreeze Coolant (Case 6x1Gal),Antifreeze:06-PWCG50,06-PWCG50,Powergard Green 50/50 Antifreeze Coolant (caja 6x1Gal)
Diesel Exhaust Fluid (55 gal Drum),CLEANERS:02-DEF,02-DEF,Diesel Exhaust Fluid (55 gal Barril )
Heavy Duty Degreaser (55 gal Drum),CLEANERS:02-HDD,02-HDD,Heavy Duty Degreaser (55 gal Barril )
Johnsen's Starting Fluid 50% (Case 12x10.7oz),CLEANERS:04-JNSF,04-JNSF,Johnsen's Starting Fluid 50% (caja 12x10.7oz)
POF 4631 (UNIT),FILTRO - units:01-POF - 4631,01-POF - 4631,POF 4631 (UNIT)
POF 5830 (UNIT),FILTRO - units:01-POF 5830,01-POF 5830,POF 5830 (UNIT)
POF 5906 (UNIT),FILTRO - units:01-POF 5906,01-POF 5906,POF 5906 (UNIT)
POF 4757 (UNIT),FILTRO - units:01-POF4757,01-POF4757,POF 4757 (UNIT)
POF 5465 (UNIT),FILTRO - units:01-POF5465,01-POF5465,POF 5465 (UNIT)
POF 5526 (UNIT),FILTRO - units:01-POF5526,01-POF5526,POF 5526 (UNIT)
Aluminum Brightener Concentrated (5 gal Pail),CLEANERS:01-ALBR - 01,01-ALBR - 01,Aluminum Brightener Concentrated (5 gal cubeta paila )
Mineral Spirit (55 gal),CLEANERS:02-MS,02-MS,Mineral Spirit (55 gal)
Solvent 142 (55 gal),CLEANERS:02-SPW-01,02-SPW-01,Solvent 142 (55 gal)
Johnsen's Carb cleaner (Case 12x16.25oz),CLEANERS:04-JNCC - 02,04-JNCC - 02,Johnsen's Carb cleaner (caja 12x16.25oz)
Johnsen's Brake Fluid DOT 3 (Case 12x 32 Fl oz),CLEANERS:07-JNBF-01,07-JNBF-01,Johnsen's Brake Fluid DOT 3 (caja 12x 32 Fl oz)
POF 5505 (unit),FILTRO - units:01-POF - 5505,01-POF - 5505,POF 5505 (unit)
POF 1A (UNIT),FILTRO - units:01-POF 1A,01-POF 1A,POF 1A (UNIT)
POF 2222 (UNIT),FILTRO - units:01-POF 2222,01-POF 2222,POF 2222 (UNIT)
POF 5843 (UNIT),FILTRO - units:01-POF 5843,01-POF 5843,POF 5843 (UNIT)
POF 111 (UNIT),FILTRO - units:01-POF111,01-POF111,POF 111 (UNIT)
POF 1424 (units),FILTRO - units:01-POF1424,01-POF1424,POF 1424 (units)
POF 5335 (UNIT),FILTRO - units:01-POF5335,01-POF5335,POF 5335 (UNIT)
POF 5608 (UNIT),FILTRO - units:01-POF5608,01-POF5608,POF 5608 (UNIT)
FUEL FILTER,Filters:L5104F,L5104F,FUEL FILTER
FILTER,Filters:L7694F,L7694F,FILTER
LUBERFINER OIL/HYD FILTER,Filters:LFF1000,LFF1000,LUBERFINER OIL/HYD FILTER
FUEL FLTR/WTR SEAPARATOR,Filters:LFF8059,LFF8059,FUEL FLTR/WTR SEAPARATOR
FUEL FILTER,Filters:LFP-219F,LFP-219F,FUEL FILTER
"SAE 0W-20 Full Synthetic Motor Oil, API SN Plus, ILSAC GF-5 (55 gal Drum)",Full Synthetic Motor Oils:02-FSMO-01,02-FSMO-01,"SAE 0W-20 FS Motor Oil, API SN Plus, ILSAC GF-5 (55 gal Barril )"
MOBIL 1 Full Synthetic 10W30 (Case 6x1 qt),Full Synthetic Motor Oils:07-MB1FS-04,07-MB1FS-04,MOBIL 1 FS 10W30 (caja 6x1 qt)
POF 195 (UNIT),FILTRO - units:01-POF195,01-POF195,POF 195 (UNIT)
POF 5309 (UNIT),FILTRO - units:01-POF5309,01-POF5309,POF 5309 (UNIT)
POF 5313 (UNIT),FILTRO - units:01-POF5313,01-POF5313,POF 5313 (UNIT)
POF 5607 (UNIT),FILTRO - units:01-POF5607,01-POF5607,POF 5607 (UNIT)
POF 6135 (UNIT),FILTRO - units:01-POF6135,01-POF6135,POF 6135 (UNIT)
POF 6162 (UNIT),FILTRO - units:01-POF6162,01-POF6162,POF 6162 (UNIT)
POF 7819 (UNIT),FILTRO - units:01-POF7819,01-POF7819,POF 7819 (UNIT)
Napa Gold 7744XD Oil Filter,Filters:57744XD,57744XD,Napa Gold 7744XD Oil Filter
LUBERFINER OIL/HYD FILTER,Filters:LFP3191,LFP3191,LUBERFINER OIL/HYD FILTER
"Carquest 2008 Chevrolet Silverado 1500, 5.3 L V8 Oil Filter",Filters:R84060MP,R84060MP,"Carquest 2008 Chevrolet Silverado 1500, 5.3 L V8 Oil Filter"
POF 4006 (UNIT),FILTRO - units:01-POF4006,01-POF4006,POF 4006 (UNIT)
POF 4484 (UNIT),FILTRO - units:01-POF4484,01-POF4484,POF 4484 (UNIT)
POF 4610 (UNIT),FILTRO - units:01-POF4610,01-POF4610,POF 4610 (UNIT)
POF 5247 (UNIT),FILTRO - units:01-POF5247,01-POF5247,POF 5247 (UNIT)
POF 5250 (UNIT),FILTRO - units:01-POF5250,01-POF5250,POF 5250 (UNIT)
POF 5610 (UNIT),FILTRO - units:01-POF5610,01-POF5610,POF 5610 (UNIT)
POF 5702 (UNIT),FILTRO - units:01-POF5702,01-POF5702,POF 5702 (UNIT)
POF 6311 (UNIT),FILTRO - units:01-POF6311,01-POF6311,POF 6311 (UNIT)
Napa Gold 1372 Oil Filter,Filters:51372,51372,Napa Gold 1372 Oil Filter
FUEL FILTERS,Filters:LFP-431F,LFP-431F,FUEL FILTERS
POF 4651 (UNIT),FILTRO - units:01-POF4651,01-POF4651,POF 4651 (UNIT)
POF 5274 (UNIT),FILTRO - units:01-POF5274,01-POF5274,POF 5274 (UNIT)
POF 5276 (UNIT),FILTRO - units:01-POF5276,01-POF5276,POF 5276 (UNIT)
POF 5277 (UNIT),FILTRO - units:01-POF5277,01-POF5277,POF 5277 (UNIT)
POF 5288 (UNIT),FILTRO - units:01-POF5288,01-POF5288,POF 5288 (UNIT)
POF 5436 (UNIT),FILTRO - units:01-POF5436,01-POF5436,POF 5436 (UNIT)
POF 8113 (UNIT),FILTRO - units:01-POF8113,01-POF8113,POF 8113 (UNIT)
"Carquest 2006 Ford F-150, 5.4 L V8 Oil Filter",Filters:R84502MP,R84502MP,"Carquest 2006 Ford F-150, 5.4 L V8 Oil Filter"
"SAE 0W-20 Full Synthetic Motor Oil, API SN Plus, ILSAC GF-5 (Bulk)",Full Synthetic Motor Oils:00-fsmo-01,00-fsmo-01,"SAE 0W-20 FS Motor Oil, API SN Plus, ILSAC GF-5 (llenado GAL )"
"SAE 5W-30 Full Synthetic Motor Oil, API SN Plus, ILSAC GF-5 (Bulk)",Full Synthetic Motor Oils:00-fsmo-03,00-fsmo-03,"SAE 5W-30 FS Motor Oil, API SN Plus, ILSAC GF-5 (llenado GAL )"
POF 5401 (UNIT),FILTRO - units:01-POF5401,01-POF5401,POF 5401 (UNIT)
POF 6127 (UNIT),FILTRO - units:01-POF6127,01-POF6127,POF 6127 (UNIT)
POF 6128 (UNIT),FILTRO - units:01-POF6128,01-POF6128,POF 6128 (UNIT)
POF-8154 (units),FILTRO - units:01-POF8154,01-POF8154,POF-8154 (units)
POF 8161 (unit),FILTRO - units:01-POF8161,01-POF8161,POF 8161 (unit)
"SAE 10W-40 Full Synthetic Motor Oil, API SN Plus, ILSAC GF-5 (Bulk)",Full Synthetic Motor Oils:00-fsmo-05,00-fsmo-05,"SAE 10W-40 FS Motor Oil, API SN Plus, ILSAC GF-5 (llenado GAL )"
"SAE 0W-20 Full Synthetic Motor Oil, API SN Plus, ILSAC GF-5 (5 gal Pail)",Full Synthetic Motor Oils:01-FSMO-01,01-FSMO-01,"SAE 0W-20 FS Motor Oil, API SN Plus, ILSAC GF-5 (5 gal cubeta paila )"
"SAE 5W-20 Full Synthetic Motor Oil, API SN Plus ILSAC GF-5 (55 gal Drum)",Full Synthetic Motor Oils:02-FSMO-02,02-FSMO-02,"SAE 5W-20 FS Motor Oil, API SN Plus ILSAC GF-5 (55 gal Barril )"
"SAE 5W-20 Full Synthetic Motor Oil, API SN Plus, ILSAC GF-5 (3 x 5qt)",Full Synthetic Motor Oils:05-FSMO-02,05-FSMO-02,"SAE 5W-20 FS Motor Oil, API SN Plus, ILSAC GF-5 (3 x 5qt)"
"SAE 10W-30 Full Synthetic Motor Oil, API SN Plus, ILSAC GF-5 (3 x 5qt)",Full Synthetic Motor Oils:05-FSMO-04,05-FSMO-04,"SAE 10W-30 FS Motor Oil, API SN Plus, ILSAC GF-5 (3 x 5qt)"
POF 5545 (UNIT),FILTRO - units:01-POF5545,01-POF5545,POF 5545 (UNIT)
POF 5839 (UNIT),FILTRO - units:01-POF5839,01-POF5839,POF 5839 (UNIT)
POF 5848 (units),FILTRO - units:01-POF5848,01-POF5848,POF 5848 (units)
POF 6160 (UNIT),FILTRO - units:01-POF6160,01-POF6160,POF 6160 (UNIT)
Napa Gold 1068 Oil Filter,Filters:51068,51068,Napa Gold 1068 Oil Filter
Napa Gold 51215,Filters:51215,51215,Napa Gold 51215
Napa Gold 1356 Oil Filter,Filters:51356,51356,Napa Gold 1356 Oil Filter
P61056,Filters:LAF6116,LAF6116,P61056
"Carquest 2010 Honda Accord, 2.4L L4 Oil Filter",Filters:R84356MP,R84356MP,"Carquest 2010 Honda Accord, 2.4L L4 Oil Filter"
"SAE 5W-30 Full Synthetic Motor Oil, API SN Plus, ILSAC GF-5 (3 x 5qt)",Full Synthetic Motor Oils:05-FSMO-03,05-FSMO-03,"SAE 5W-30 FS Motor Oil, API SN Plus, ILSAC GF-5 (3 x 5qt)"
POF 6296 (UNIT),FILTRO - units:01-POF6296,01-POF6296,POF 6296 (UNIT)
"SAE 5W-20 Full Synthetic Motor Oil, API SN Plus, ILSAC GF-5 (5 gal Pail)",Full Synthetic Motor Oils:01-FSMO-02,01-FSMO-02,"SAE 5W-20 FS Motor Oil, API SN Plus, ILSAC GF-5 (5 gal cubeta paila )"
"SAE 75W-90 Synthetic Gear Oil, API GL-5 (5 gal Pail)",Gear Oils:01-GO-03,01-GO-03,"SAE 75W-90 Synthetic Gear Oil, API GL-5 (5 gal cubeta paila )"
"SAE 15W-50 Synthetic Blend HDMO, API CJ-4/SN (4 x 1 gal)",Heavy Duty Motor Oils:04-HDMO-04,04-HDMO-04,"SAE 15W-50 SB HDMO, API CJ-4/SN (4 x 1 gal)"
Mobil Delvac SAE 15W-40 Synthetic Blend HDMO 1300 Super (4 x 1 gal),Heavy Duty Motor Oils:04-MBHD-02,04-MBHD-02,Mobil Delvac SAE 15W-40 SB HDMO 1300 Super (4 x 1 gal)
SAE 5W-30 Synthetic Blend Motor Oil; API SN Plus; ILSAC GF-5 (Bulk),Synthetic Blend Motor Oil:00-SBMO-02,00-SBMO-02,SAE 5W-30 SB Motor Oil; API SN Plus; ILSAC GF-5 (llenado GAL )
FILTER,Filters:LFP8642,LFP8642,FILTER
"Carquest 2008 Nissan Maxima, 3.5L V6 Oil Filter",Filters:R85358MP,R85358MP,"Carquest 2008 Nissan Maxima, 3.5L V6 Oil Filter"
"SAE 5W-20 Full Synthetic Motor Oil, API SN Plus, ILSAC GF-5 (Bulk)",Full Synthetic Motor Oils:00-fsmo-02,00-fsmo-02,"SAE 5W-20 FS Motor Oil, API SN Plus, ILSAC GF-5 (llenado GAL )"
"SAE 10W-40 Full Synthetic Motor Oil, API SN Plus (55 gal Drum)",Full Synthetic Motor Oils:02-FSMO-05,02-FSMO-05,"SAE 10W-40 FS Motor Oil, API SN Plus (55 gal Barril )"
"SAE 0W-20 Full Synthetic Motor Oil, API SN Plus, ILSAC GF-5 (3 x 5qt)",Full Synthetic Motor Oils:05-FSMO-01,05-FSMO-01,"SAE 0W-20 FS Motor Oil, API SN Plus, ILSAC GF-5 (3 x 5qt)"
"SAE 80W-90 Gear Oil, API GL-5 (5 gal Pail)",Gear Oils:01-GO-01,01-GO-01,"SAE 80W-90 Gear Oil, API GL-5 (5 gal cubeta paila )"
"SAE 75W-90 Synthetic Gear Oil, API GL-5 (55 gal)",Gear Oils:02-GO-03,02-GO-03,"SAE 75W-90 Synthetic Gear Oil, API GL-5 (55 gal)"
"SAE 20W-50 Synthetic Blend HDMO, API CJ-4/SN (5 gal Pail)",Heavy Duty Motor Oils:01-HDMO-03,01-HDMO-03,"SAE 20W-50 SB HDMO, API CJ-4/SN (5 gal cubeta paila )"
"SAE 10W-30 Full Synthetic HDMO, API CK-4/SN Plus (55 Gal Drum)",Heavy Duty Motor Oils:02-FSHD-01,02-FSHD-01,"SAE 10W-30 FS HDMO, API CK-4/SN Plus (55 Gal Barril )"
"SAE 15W-40 Full Synthetic HDMO, API CK-4/SN Plus (55 Gal Drum)",Heavy Duty Motor Oils:02-FSHD-05,02-FSHD-05,"SAE 15W-40 FS HDMO, API CK-4/SN Plus (55 Gal Barril )"
"Carquest 2006 Ford F-150, 5.4L V8 Oil Filter",Filters:R85372MP,R85372MP,"Carquest 2006 Ford F-150, 5.4L V8 Oil Filter"
"Carquest 2007 Toyota Corolla, 1.8L L4 Oil Filter",Filters:R85394MP,R85394MP,"Carquest 2007 Toyota Corolla, 1.8L L4 Oil Filter"
"SAE 5W-30 Full Synthetic Motor Oil, API SN Plus ILSAC GF-5 (55 gal Drum)",Full Synthetic Motor Oils:02-FSMO-03,02-FSMO-03,"SAE 5W-30 FS Motor Oil, API SN Plus ILSAC GF-5 (55 gal Barril )"
MOBIL 1 Full Synthetic 0W20 (Case 6x1 qt),Full Synthetic Motor Oils:07-MB1FS-01,07-MB1FS-01,MOBIL 1 FS 0W20 (caja 6x1 qt)
"SAE 80W-90 Gear Oil, API GL-5 (bulk)",Gear Oils:00-GO-01,00-GO-01,"SAE 80W-90 Gear Oil, API GL-5 (llenado GAL )"
"SAE 80W-140 Synthetic Gear Oil, API GL-5 (55 gal Drum)",Gear Oils:02-GO-04,02-GO-04,"SAE 80W-140 Synthetic Gear Oil, API GL-5 (55 gal Barril )"
"SAE 75W-80 Synthetic Gear Oil, API GL-5 (55 gal)",Gear Oils:02-GO-06,02-GO-06,"SAE 75W-80 Synthetic Gear Oil, API GL-5 (55 gal)"
SAE 15W-40 Full Synthetic HDMO (Bulk),Heavy Duty Motor Oils:00-FSHD-05,00-FSHD-05,SAE 15W-40 FS HDMO (llenado GAL )
"SAE 10W-30 Synthetic Blend HDMO, API CK4/SN (Bulk)",Heavy Duty Motor Oils:00-HDMO-01,00-HDMO-01,"SAE 10W-30 SB HDMO, API CK4/SN (llenado GAL )"
SAE 20W-50 Synthetic Blend HDMO API CJ-4/SN (Bulk),Heavy Duty Motor Oils:00-HDMO-03,00-HDMO-03,SAE 20W-50 SB HDMO API CJ-4/SN (llenado GAL )
"SAE 10W-30 Full Synthetic Motor Oil, API SN Plus, ILSAC GF-5 (Bulk)",Full Synthetic Motor Oils:00-fsmo-04,00-fsmo-04,"SAE 10W-30 FS Motor Oil, API SN Plus, ILSAC GF-5 (llenado GAL )"
"SAE 15W-50 Synthetic Blend HDMO, API CJ-4/SN (5 gal Pail)",Heavy Duty Motor Oils:01-HDMO-04,01-HDMO-04,"SAE 15W-50 SB HDMO, API CJ-4/SN (5 gal cubeta paila )"
"SAE 15W-40 Synthetic Blend HDMO, API CI-4/SL (5 gal Pail)",Heavy Duty Motor Oils:01-HDMO-05,01-HDMO-05,"SAE 15W-40 SB HDMO, API CI-4/SL (5 gal cubeta paila )"
ISO 68 AW Hydraulic Oil (5 gal Pail),Hydraulic Oils:01-HYO-03,01-HYO-03,ISO 68 AW Hydraulic Oil (5 gal Pail)
"SAE 5W-30 Synthetic Blend Motor Oil, API SN Plus, ILSAC GF-5 (3 x 5qt)",Synthetic Blend Motor Oil:05-SBMO-02,05-SBMO-02,"SAE 5W-30 SB Motor Oil, API SN Plus, ILSAC GF-5 (3 x 5qt)"
ATF Synthetic Multi-Vehicle Dexron VI (55 gal Drum),Transmission Fluids:02-TF-02,02-TF-02,ATF Synthetic Multi-Vehicle Dexron VI (55 gal Barril )
"SAE 5W-30 Full Synthetic Motor Oil, API SN Plus, ILSAC GF-5 (5 gal Pail)",Full Synthetic Motor Oils:01-FSMO-03,01-FSMO-03,"SAE 5W-30 FS Motor Oil, API SN Plus, ILSAC GF-5 (5 gal cubeta paila )"
"SAE 10W-30 Full Synthetic Motor Oil, API SN Plus ILSAC GF-5 (5 gal Pail)",Full Synthetic Motor Oils:01-FSMO-04,01-FSMO-04,"SAE 10W-30 FS Motor Oil, API SN Plus ILSAC GF-5 (5 gal cubeta paila )"
"SAE 10W-30 Full Synthetic Motor Oil, API SN Plus ILSAC GF-5 (55 gal Drum)",Full Synthetic Motor Oils:02-FSMO-04,02-FSMO-04,"SAE 10W-30 FS Motor Oil, API SN Plus ILSAC GF-5 (55 gal Barril )"
Shell Rotella T4 15W40 (5 gal Pail),Heavy Duty Motor Oils:01-SHHD-02,01-SHHD-02,Shell Rotella T4 15W40 (5 gal cubeta paila )
Mystik JT-8 15W-50 (Case 3x2gal),Heavy Duty Motor Oils:04-MTHD-04,04-MTHD-04,Mystik JT-8 15W-50 (caja 3x2gal)
ISO 32 AW Hydraulic Oil (Bulk),Hydraulic Oils:00-HYO-01,00-HYO-01,ISO 32 AW Hydraulic Oil (llenado GAL )
ISO 46 AW Hydraulic Oil (Bulk),Hydraulic Oils:00-HYO-02,00-HYO-02,ISO 46 AW Hydraulic Oil (llenado GAL )
ISO 46 AW Hydraulic Oil (5 gal Pail),Hydraulic Oils:01-HYO-02,01-HYO-02,ISO 46 AW Hydraulic Oil (5 gal cubeta paila )
Red Grease Nro 2 (55 Gal),Miscellaneous:02-14200,02-14200,Red Grease Nro 2 (55 Gal)
MOBIL 1 Full Synthetic 5W30 (Case 6x1 qt),Full Synthetic Motor Oils:07-MB1FS-03,07-MB1FS-03,MOBIL 1 FS 5W30 (caja 6x1 qt)
"SAE 80W-140 Synthetic Gear Oil, API GL-5 (5 gal Pail)",Gear Oils:01-GO-04,01-GO-04,"SAE 80W-140 Synthetic Gear Oil, API GL-5 (5 gal cubeta paila )"
"SAE 80W-90 Gear Oil, API GL-5 (55 gal)",Gear Oils:02-GO-01,02-GO-01,"SAE 80W-90 Gear Oil, API GL-5 (55 gal)"
"SAE 85W-140 Gear Oil, API GL-5 (55 gal)",Gear Oils:02-GO-02,02-GO-02,"SAE 85W-140 Gear Oil, API GL-5 (55 gal)"
SAE 15W-50 Synthetic Blend HDMO API CJ-4/SN (Bulk),Heavy Duty Motor Oils:00-HDMO-04,00-HDMO-04,SAE 15W-50 SB HDMO API CJ-4/SN (llenado GAL )
"SAE 20W-50 Synthetic Blend HDMO, API CJ-4/SN (55 gal Drum)",Heavy Duty Motor Oils:02-HDMO-03,02-HDMO-03,"SAE 20W-50 SB HDMO, API CJ-4/SN (55 gal Barril )"
"SAE 15W-40 Synthetic Blend HDMO, API CK-4/SN (4 x 1 gal)",Heavy Duty Motor Oils:04-HDMO-02,04-HDMO-02,"SAE 15W-40 SB HDMO, API CK-4/SN (4 x 1 gal)"
ISO 32 AW Hydraulic Oil (5 gal Pail),Hydraulic Oils:01-HYO-01,01-HYO-01,ISO 32 AW Hydraulic Oil (5 gal cubeta paila )
SAE 20W50 Synthetic Blend Motor Oil (Case 12x1qt),Synthetic Blend Motor Oil:07-SBMO-06,07-SBMO-06,SAE 20W50 SB Motor Oil (caja 12x1qt)
PENZOIL 0W20 Full Synthetic Motor Oil (Case 6X1qt),Full Synthetic Motor Oils:07-PZFS-01,07-PZFS-01,PENZOIL 0W20 FS Motor Oil (caja 6X1qt)
PENZOIL 5W20 Full Synthetic Motor Oil (Case 6X1qt),Full Synthetic Motor Oils:07-PZFS-02,07-PZFS-02,PENZOIL 5W20 FS Motor Oil (caja 6X1qt)
PENZOIL 5W30 Full Synthetic Motor Oil (Case 6X1qt),Full Synthetic Motor Oils:07-PZFS-03,07-PZFS-03,PENZOIL 5W30 FS Motor Oil (caja 6X1qt)
PENZOIL 10W30 Full Synthetic Motor Oil (Case 6X1qt),Full Synthetic Motor Oils:07-PZFS-04,07-PZFS-04,PENZOIL 10W30 FS Motor Oil (caja 6X1qt)
"SAE 15W-40 Synthetic Blend HDMO, API Ck4 - 4/SL Plus (55 Gal Drum)",Heavy Duty Motor Oils:02-HDMO-05,02-HDMO-05,"SAE 15W-40 SB HDMO, API Ck4 - 4/SL Plus (55 Gal Barril )"
Pump for Drums,Small Tools:ST-01,ST-01,Pump for Barril s
SAE 50 Full Synthetic Manual Transmission (5 gal Pail),Transmission Fluids:01-TF-04,01-TF-04,SAE 50 FS Manual Transmission (5 gal cubeta paila )
ATF Full Synthetic Universal (5 gal Pail),Transmission Fluids:01-TF-03,01-TF-03,ATF FS Universal (5 gal cubeta paila )
"SAE 75W-140 Synthetic Gear Oil, API GL-5 (5 gal Pail)",Gear Oils:01-GO-05,01-GO-05,"SAE 75W-140 Synthetic Gear Oil, API GL-5 (5 gal cubeta paila )"
"SAE 10W-30 Synthetic Blend HDMO, API CK4/SN (55 gal Drum)",Heavy Duty Motor Oils:02-HDMO-01,02-HDMO-01,"SAE 10W-30 SB HDMO, API CK4/SN (55 gal Barril )"
ATF Synthetic Multi-Vehicle Dexron VI (5 gal Pail),Transmission Fluids:01-TF-02,01-TF-02,ATF Synthetic Multi-Vehicle Dexron VI (5 gal cubeta paila )
"SAE 5W-20 Synthetic Blend Motor Oil, API SN Plus, ILSAC GF-5 (Bulk)",Synthetic Blend Motor Oil:00-SBMO-01,00-SBMO-01,"SAE 5W-20 SB Motor Oil, API SN Plus, ILSAC GF-5 (llenado GAL )"
SAE 15W-40 Synthetic Blend HDMO (Bulk),Heavy Duty Motor Oils:00-HDMO-05,00-HDMO-05,SAE 15W-40 SB HDMO (llenado GAL )
"Chevron Delo 400 SAE 15W-40 HDMO, API CK-4/SN (3 x 1 gal)",Heavy Duty Motor Oils:04-CHHD-02,04-CHHD-02,"Chevron Delo 400 SAE 15W-40 HDMO, API CK-4/SN (3 x 1 gal)"
Shell Rotella T5 SAE 10W-30 Synthetic Blend HDMO (3x1 gal),Heavy Duty Motor Oils:05-SHHD-01,05-SHHD-01,Shell Rotella T5 SAE 10W-30 SB HDMO (3x1 gal)
Shell Rotella T4 SAE 15W-40 Synthetic Blend HDMO (3x1 gal),Heavy Duty Motor Oils:05-SHHD-02,05-SHHD-02,Shell Rotella T4 SAE 15W-40 SB HDMO (3x1 gal)
ISO 68 AW Hydraulic Oil (Bulk),Hydraulic Oils:00-HYO-03,00-HYO-03,ISO 68 AW Hydraulic Oil (llenado GAL )
POF 5308 (UNIT),FILTRO - units:01-POF5308,01-POF5308,POF 5308 (UNIT)
"SAE 15W-50 Synthetic Blend HDMO, API CJ-4/SN (55 gal Drum)",Heavy Duty Motor Oils:02-HDMO-04,02-HDMO-04,"SAE 15W-50 SB HDMO, API CJ-4/SN (55 gal Barril )"
Shell Rotella 15W40 T4 (55 gal drum),Heavy Duty Motor Oils:02-SHHD-02,02-SHHD-02,Shell Rotella 15W40 T4 (55 gal Barril )
Shell Rotella T5 SAE 15W-40 Synthetic Blend HDMO (3x1 gal),Heavy Duty Motor Oils:05-SHHD-03,05-SHHD-03,Shell Rotella T5 SAE 15W-40 SB HDMO (3x1 gal)
Shell Rotella T6 SAE 15W-40 Synthetic Blend HDMO (3x1 gal),Heavy Duty Motor Oils:05-SHHD-07,05-SHHD-07,Shell Rotella T6 SAE 15W-40 SB HDMO (3x1 gal)
"SAE 75W-80 Synthetic Gear Oil, API GL-5 (5 gal Pail)",Gear Oils:01-GO-06,01-GO-06,"SAE 75W-80 Synthetic Gear Oil, API GL-5 (5 gal cubeta paila )"
SAE 5W-30 Synthetic Blend Motor Oil; High Mileage (Bulk),Synthetic Blend Motor Oil:00-SBMO-02A,00-SBMO-02A,SAE 5W-30 SB Motor Oil; High Mileage (llenado GAL )
Power Steering Fluid (12 x 1qt),Transmission Fluids:04-TF-05,04-TF-05,Power Steering Fluid (12 x 1qt)
"SAE 10W-30 Synthetic Blend Motor Oil, API SN Plus, ILSAC GF-5 (3 x 5qt)",Synthetic Blend Motor Oil:05-SBMO-03,05-SBMO-03,"SAE 10W-30 SB Motor Oil, API SN Plus, ILSAC GF-5 (3 x 5qt)"
"SAE 5W-20 Synthetic Blend Motor Oil, API SN Plus, ILSAC GF-5 (3 x 5qt)",Synthetic Blend Motor Oil:05-SBMO-01,05-SBMO-01,"SAE 5W-20 SB Motor Oil, API SN Plus, ILSAC GF-5 (3 x 5qt)"
"SAE 10W-40 Synthetic Blend Motor Oil, API SN Plus (55 gal Drum)",Synthetic Blend Motor Oil:02-SBMO-04,02-SBMO-04,"SAE 10W-40 SB Motor Oil, API SN Plus (55 gal Barril )"
"SAE 10W-30 High Mileage Synthetic Blend Motor Oil, API SN Plus (Bulk)",Synthetic Blend Motor Oil:00-SBMO-03A,00-SBMO-03A,"SAE 10W-30 High Mileage SB Motor Oil, API SN Plus (llenado GAL )"
Brake Cleaner Non Chlorinated (55 gal drum),Miscellaneous:02-BCNC,02-BCNC,Brake Cleaner Non Chlorinated (55 gal Barril )
ATF Full Synthetic Universal (55 gal),Transmission Fluids:02-TF-03,02-TF-03,ATF FS Universal (55 gal)
Power Steering Fluid (55 gal),Transmission Fluids:02-TF-05,02-TF-05,Power Steering Fluid (55 gal)
CVT Fluid (12 x 1qt),Transmission Fluids:04-TF-06,04-TF-06,CVT Fluid (12 x 1qt)
"PRIME WIPER 22"" CASE 10 UNIT","Miscellaneous:PRIME WIPER 22""","PRIME WIPER 22""","PRIME WIPER 22"" CAJA 10 UNIT"
14-008 Xtra Seal Vulcanizing Cement 8oz,Tire Suply:14008,14008,14-008 Xtra Seal Vulcanizing Cement 8oz
Boofing Stone,Tire Suply:BS-1,BS-1,Boofing Stone
BS32 Sealant,Tire Suply:BS32,BS32,BS32 Sealant
SV-8 Cement,SV8,SV8,SV-8 Cement
ISO 68 AW Hydraulic Oil (55 gal Drum),Hydraulic Oils:02-HYO-03,02-HYO-03,ISO 68 AW Hydraulic Oil (55 gal Barril )
"PRIME WIPER 20"" CASE 10 UNIT","Miscellaneous:PRIME WIPER 20""","PRIME WIPER 20""","PRIME WIPER 20"" CAJA 10 UNIT"
"PRIME WIPER 26"" CASE 10 UNIT","Miscellaneous:PRIME WIPER 26""","PRIME WIPER 26""","PRIME WIPER 26"" CAJA 10 UNIT"
"SAE 10W-40 Synthetic Blend Motor Oil, API SN Plus (5 gal Pail)",Synthetic Blend Motor Oil:01-SBMO-04,01-SBMO-04,"SAE 10W-40 SB Motor Oil, API SN Plus (5 gal cubeta paila )"
14-101A Xtra Seal Bead Sealer 32oz,Tire Suply:14101A,14101A,14-101A Xtra Seal Bead Sealer 32oz
TR413 Valves (Case x100),TR413,TR413,TR413 Valves (caja x100)
Tire sale labels (500 labels roll),TS28500,TS28500,Tire sale labels (500 labels roll)
"SAE 5W-30 Synthetic Blend Motor Oil, API SN Plus, ILSAC GF-5 (55 gal)",Synthetic Blend Motor Oil:02-SBMO-02,02-SBMO-02,"SAE 5W-30 SB Motor Oil, API SN Plus, ILSAC GF-5 (55 gal)"
"SAE 20W-50 Synthetic Blend Motor Oil, API SN Plus (55 gal Drum)",Synthetic Blend Motor Oil:02-SBMO-06,02-SBMO-06,"SAE 20W-50 SB Motor Oil, API SN Plus (55 gal Barril )"
Solvent 142 (BULK),CLEANERS:00-SPW-01,00-SPW-01,Solvent 142 (llenado GAL )
"PRIME WIPER 14"" CASE 10 UNIT","Miscellaneous:PRIME WIPER 14""","PRIME WIPER 14""","PRIME WIPER 14"" CAJA 10 UNIT"
"PRIME WIPER 18"" CASE  10 UNIT","Miscellaneous:PRIME WIPER 18""","PRIME WIPER 18""","PRIME WIPER 18"" CAJA 10 UNIT"
"PRIME WIPER 19"" CASE 10 UNIT","Miscellaneous:PRIME WIPER 19""","PRIME WIPER 19""","PRIME WIPER 19"" CAJA 10 UNIT"
"PRIME WIPER 24"" CASE 10 UNIT","Miscellaneous:PRIME WIPER 24""","PRIME WIPER 24""","PRIME WIPER 24"" CAJA 10 UNIT"
Pennzoil High Mileage SAE 10W-40 Synthetic Blend Motor Oil ( 6x1qt),Synthetic Blend Motor Oil:07-PZSB-04,07-PZSB-04,Pennzoil High Mileage SAE 10W-40 SB Motor Oil ( 6x1qt)
ATF Synthetic Multi-Vehicle Universal (Bulk),Transmission Fluids:00-TF-03,00-TF-03,ATF Synthetic Multi-Vehicle Universal (llenado GAL )
SAE 85W-140 Gear Oil; API GL-5 (5 gal Pail),Gear Oils:01-GO-02,01-GO-02,SAE 85W-140 Gear Oil; API GL-5 (5 gal cubeta paila )
Red Grease Nro 2 (Can 120 lb),Miscellaneous:14200,14200,Red Grease Nro 2 (Can 120 lb)
"SAE 5W-20 Synthetic Blend Motor Oil, API SN Plus, ILSAC GF-5 (55 gal)",Synthetic Blend Motor Oil:02-SBMO-01,02-SBMO-01,"SAE 5W-20 SB Motor Oil, API SN Plus, ILSAC GF-5 (55 gal)"
"PGW WIPER BB19"" CASE  6 UNIT","Miscellaneous:PGW WIPER BB19""","PGW WIPER BB19""","PGW WIPER BB19"" CAJA 6 UNIT"
"SAE 10W-30 Synthetic Blend Motor Oil, API SN Plus (5 gal Pail)",Synthetic Blend Motor Oil:01-SBMO-03,01-SBMO-03,"SAE 10W-30 SB Motor Oil, API SN Plus (5 gal cubeta paila )"
14-032 Xtra Seal Vulcanizing cement 32oz,Tire Suply:14032,14032,14-032 Xtra Seal Vulcanizing cement 32oz
Buffing stone (60 grit),Tire Suply:BS-5,BS-5,Buffing stone (60 grit)
TGRO Handle Plastic,TGRO,TGRO,TGRO Handle Plastic
Balcones Oil Dry (40lb bag),Miscellaneous:01-OD,01-OD,Balcones Oil Dry (40lb bag)
SAE 10W-30 Synthetic Blend Motor Oil; API SN Plus; ILSAC GF-5 (Bulk),Synthetic Blend Motor Oil:00-SBMO-03,00-SBMO-03,SAE 10W-30 SB Motor Oil; API SN Plus; ILSAC GF-5 (llenado GAL )
ATF Dexron III/Mercon (Bulk),Transmission Fluids:00-TF-01,00-TF-01,ATF Dexron III/Mercon (llenado GAL )
"PGW WIPER BB16"" CASE 6 UNIT","Miscellaneous:PGW WIPER BB16""","PGW WIPER BB16""","PGW WIPER BB16"" CAJA 6 UNIT"
"PRIME WIPER 13"" CASE 10 UNIT","Miscellaneous:PRIME WIPER 13""","PRIME WIPER 13""","PRIME WIPER 13"" CAJA 10 UNIT"
"PRIME WIPER 16"" CASE 10 UNIT","Miscellaneous:PRIME WIPER 16""","PRIME WIPER 16""","PRIME WIPER 16"" CAJA 10 UNIT"
12 025F 1/4 Weights,Tire Suply:12025F,12025F,12 025F 1/4 Weights
14-100 Cleaner,Tire Suply:14100,14100,14-100 Cleaner
"SAE 10W-30 Synthetic Blend Motor Oil, API SN Plus (55 gal Drum)",Synthetic Blend Motor Oil:02-SBMO-03,02-SBMO-03,"SAE 10W-30 SB Motor Oil, API SN Plus (55 gal Barril )"
ATF Dexron III/Mercon (5 gal Pail),Transmission Fluids:01-TF-01,01-TF-01,ATF Dexron III/Mercon (5 gal cubeta paila )
Power Steering Fluid (5 gal),Transmission Fluids:01-TF-05,01-TF-05,Power Steering Fluid (5 gal)
ISO 46 AW Hydraulic Oil (55 gal Drum),Hydraulic Oils:02-HYO-02,02-HYO-02,ISO 46 AW Hydraulic Oil (55 gal Barril )
Multi Porpose Grease (1x1 pail) 35 LBS,Miscellaneous:01-VV06,01-VV06,Multi Porpose Grease (1x1 cubeta paila ) 35 LBS
"PRIME WIPER 15"" CASE 10 UNIT","Miscellaneous:PRIME WIPER 15""","PRIME WIPER 15""","PRIME WIPER 15"" CAJA 10 UNIT"
"PRIME WIPER 17"" CASE  10 UNIT","Miscellaneous:PRIME WIPER 17""","PRIME WIPER 17""","PRIME WIPER 17"" CAJA 10 UNIT"
"PRIME WIPER 21"" CASE 10 UNIT","Miscellaneous:PRIME WIPER 21""","PRIME WIPER 21""","PRIME WIPER 21"" CAJA 10 UNIT"
"Black Tire Paint, concentrate (5 gal)",Tire Suply:BTP5,BTP5,"Black Tire Paint, concentrate (5 gal)"
TGO-T Handle Metal,TGO-T,TGO-T,TGO-T Handle Metal
SAE 10W-40 Synthetic Blend Motor Oil; API SN Plus; ILSAC GF-5 (Bulk),Synthetic Blend Motor Oil:00-SBMO-04,00-SBMO-04,SAE 10W-40 SB Motor Oil; API SN Plus; ILSAC GF-5 (llenado GAL )
ATF Dexron III/Mercon (55 gal Drum),Transmission Fluids:02-TF-01,02-TF-01,ATF Dexron III/Mercon (55 gal Barril )
SAE 50 Full Synthetic Manual Transmission (55 gal),Transmission Fluids:02-TF-04,02-TF-04,SAE 50 FS Manual Transmission (55 gal)
ATF Dexron III (12 x 1qt),Transmission Fluids:04-TF-01,04-TF-01,ATF Dexron III (12 x 1qt)
ATF Dexron VI (12 x 1qt),Transmission Fluids:04-TF-02,04-TF-02,ATF Dexron VI (12 x 1qt)
"SAE 20W-50 Synthetic Blend Motor Oil, API SN Plus (5 gal Pail)",Synthetic Blend Motor Oil:01-SBMO-06,01-SBMO-06,"SAE 20W-50 SB Motor Oil, API SN Plus (5 gal cubeta paila )"
TS-1932 Plugs Orange (Box x 10),TS1932,TS1932,TS-1932 Plugs Orange (Box x 10)
Red Grease Nro 2 (35 lb),Miscellaneous:01-14200,01-14200,Red Grease Nro 2 (35 lb)
Red Grease Gadus (10x14 onz),Miscellaneous:04-GADUS,04-GADUS,Red Grease Gadus (10x14 onz)
"PGW WIPER BB18"" CASE 6 UNIT","Miscellaneous:PGW WIPER BB18""","PGW WIPER BB18""","PGW WIPER BB18"" CAJA 6 UNIT"
"PGW WIPER BB20"" CASE 6 UNIT","Miscellaneous:PGW WIPER BB20""","PGW WIPER BB20""","PGW WIPER BB20"" CAJA 6 UNIT"
"SAE 5W-30 Synthetic Blend Motor Oil, API SN Plus, ILSAC GF-5 (5 gal Pail)",Synthetic Blend Motor Oil:01-SBMO-02,01-SBMO-02,"SAE 5W-30 SB Motor Oil, API SN Plus, ILSAC GF-5 (5 gal cubeta paila )"
PENZOIL 10W30 Synthetic Blend Motor Oil (Case 6X1qt),Synthetic Blend Motor Oil:07-PZSB-03,07-PZSB-03,PENZOIL 10W30 SB Motor Oil (caja 6X1qt)
11-002B Patches small (Case x100),Tire Suply:11002B,11002B,11-002B Patches small (caja x100)
Marcadores unit,TS-14554-1,TS-14554-1,Marcadores unit
11-003B Patches Medium (Case x 100),Tire Suply:11003B,11003B,11-003B Patches Medium (caja x 100)
Radial Tyre Repair unit (bagx10),VR120,VR120,Radial Tyre Repair unit (bagx10)
Convenience Fee Platinum,CFP,CFP,Convenience Fee Platinum
TGOO Handle Plastic,TGOO,TGOO,TGOO Handle Plastic
TGRO-T Handle Metal,TGRO-T,TGRO-T,TGRO-T Handle Metal
Valvula para camiones (Case x100),TR545D,TR545D,Valvula para camiones (caja x100)
Carretilla Tire Patch roller wooden handle,TS-57177,TS-57177,Carretilla Tire Patch roller wooden handle
SAE 10W-40 Synthetic Blend Motor Oil; API SN Plus; ILSAC GF-5 (3 x 5qt),Synthetic Blend Motor Oil:05-SBMO-04,05-SBMO-04,SAE 10W-40 SB Motor Oil; API SN Plus; ILSAC GF-5 (3 x 5qt)
ATF Synthetic Multi-Vehicle Dexron VI (Bulk),Transmission Fluids:00-TF-02,00-TF-02,ATF Synthetic Multi-Vehicle Dexron VI (llenado GAL )
TS-1935 Plugs Black (Box x 10),TS1935,TS1935,TS-1935 Plugs Black (Box x 10)
Radial Tire Repair unit (bagx20),VR110H,VR110H,Radial Tire Repair unit (bagx20)
Windshield Washer (55 gal Drum),CLEANERS:02-WW,02-WW,Windshield Washer (55 gal Barril )
Antifreeze Coolant 50/50 Universal (55 gal) 02-CU50,,02-CU50,Antifreeze Coolant 50/50 Universal (55 gal) 02-CU50
Antifreeze Coolant Concentrated Universal (55 gal) 02-CCUN,,02-CCUN,Antifreeze Coolant Concentrated Universal (55 gal) 02-CCUN
Antifreeze Coolant Orange 50/50 (55 gal Drum) 06-COR50,,06-COR50,Antifreeze Coolant Orange 50/50 (55 gal Drum) 06-COR50